{"cameraMode":{"drawMode":0,"name":"Shaded","section":"Shading Mode"},"sceneLighting":true,"audioPlay":false,"sceneViewState":{"m_AlwaysRefresh":false,"showFog":true,"showSkybox":true,"showFlares":true,"showImageEffects":true,"showParticleSystems":true,"showVisualEffectGraphs":true,"m_FxEnabled":true},"in2DMode":false,"pivot":{"x":0.41595757007598879,"y":-4.14486837387085,"z":5.958284854888916},"rotation":{"x":-0.24380774796009065,"y":0.012216754257678986,"z":-0.0030709034763276579,"w":-0.9697442054748535},"size":9.35836410522461,"orthographic":false}