{"cameraMode":{"drawMode":0,"name":"Shaded","section":"Shading Mode"},"sceneLighting":false,"audioPlay":false,"sceneViewState":{"m_AlwaysRefresh":false,"showFog":true,"showSkybox":false,"showFlares":true,"showImageEffects":true,"showParticleSystems":true,"showVisualEffectGraphs":true,"m_FxEnabled":true},"in2DMode":false,"pivot":{"x":0.17408421635627747,"y":1.4016308784484864,"z":0.22601047158241273},"rotation":{"x":0.1436271071434021,"y":0.7359190583229065,"z":-0.164952352643013,"w":0.6407759189605713},"size":0.7695748805999756,"orthographic":false}